<?xml version='1.0' encoding='utf-8'?>
<!-- Name: default -->

<colors>

  <!-- Default -->
  <color id="defaultDarkColor" color="#b9bbbe"/>
  <color id="defaultLightColor" color="#b9bbbe"/>
  <color id="mecanicBlueColor" color="#b9bbbe"/>
  <color id="oddCellColor" color="#32353b"/>
  <color id="evenCellColor" color="#36393f"/>
  <color id="descriptionPopupColor" color="#b9bbbe"/>
  <color id="whiteColor" color="#2f3136"/>
  <color id="blackColor" color="#b9bbbe"/>
  <color id="redColor" color="#b9bbbe"/>
  <color id="questObjectiveColor" color="#b9bbbe"/>
  <color id="scrollFleshColor" color="#b9bbbe"/>
  <color id="errorColor" color="#b9bbbe"/>
  <color id="mecanicDarkBlueColor" color="#b9bbbe"/>
  <color id="craftActionProgressBarColor" color="#b9bbbe"/>
  <color id="defaultBlackColor" color="#b9bbbe"/>
  <color id="craftBackgroundProgressBarColor" color="#b9bbbe"/>
  <color id="windowBackgroundColor" color="#202225"/>
  <color id="greenColor" color="#b9bbbe"/>
  <color id="fleaEvenCellColor" color="#b9bbbe"/>
  <color id="fleaOddCellColor" color="#b9bbbe"/>
  <color id="defaultDarkGreyColor" color="#b9bbbe"/>
  <color id="HPColor" color="#5c68f0"/>
  <color id="greyInvalidColor" color="#b9bbbe"/>
  <color id="previewButtonBorderColor" color="#b9bbbe"/>
  <color id="defaultLightGoldColor" color="#b9bbbe"/>
  <color id="pressedLightColor" color="#b2b299"/>
  <color id="redInvalidBuildColor" color="#b9bbbe"/>
  <color id="chalkboardBackgroundColor" color="#b9bbbe"/>
  <color id="listFilterColor" color="#b9bbbe"/>
  <color id="passportTitleColor" color="#b9bbbe"/>
  <color id="scrollTitleBackgroundColor" color="#b9bbbe"/>
  <color id="defaultIntenseGoldColor" color="#b9bbbe"/>
  <color id="popupInformationColor" color="#b9bbbe"/>
  <color id="greyColor" color="#b9bbbe"/>
  <color id="WPColor" color="#b9bbbe"/>
  <color id="APLightColor" color="#b9bbbe"/>
  <color id="MPLightColor" color="#b9bbbe"/>
  <color id="lightRedColor" color="#b9bbbe"/>
  <color id="commonItemColor" color="#b9bbbe"/>
  <color id="mecanicLightBlueColor" color="#b9bbbe"/>
  <color id="loadingWheelColor" color="#b9bbbe"/>
  <color id="detailedCellColor" color="#b9bbbe"/>
  <color id="chalkboardBorderColor" color="#b9bbbe"/>
  <color id="dungeonLadderRankingColor" color="#b9bbbe"/>
  <color id="gainLaurelLawColor" color="#b9bbbe"/>
  <color id="pressedBlackColor" color="#b9bbbe"/>
  <color id="defaultDisabledColor" color="#b9bbbe"/>
  <color id="APColor" color="#b9bbbe"/>
  <color id="MPColor" color="#b9bbbe"/>
  <color id="WPLightColor" color="#b9bbbe"/>
  <color id="orangeTransColor" color="#b9bbbe"/>
  <color id="xpColor" color="#b9bbbe"/>
  <color id="xpColorCompanion" color="#b9bbbe"/>
  <color id="ogrestColor" color="#b9bbbe"/>
  <color id="protectorColor" color="#b9bbbe"/>
  <color id="wakfuColor" color="#b9bbbe"/>
  <color id="wakfuBarColor" color="#b9bbbe"/>
  <color id="xpUnpenalizedColor" color="#b9bbbe"/>
  <color id="xpPremiumColor" color="#b9bbbe"/>
  <color id="levelColor" color="#b9bbbe"/>
  <color id="unusualItemColor" color="#b9bbbe"/>
  <color id="rareItemColor" color="#b9bbbe"/>
  <color id="mythicItemColor" color="#b9bbbe"/>
  <color id="legendaryItemColor" color="#b9bbbe"/>
  <color id="adminItemColor" color="#b9bbbe"/>
  <color id="yellowScoreColor" color="#b9bbbe"/>
  <color id="scrollYellowColor" color="#b9bbbe"/>
  <color id="darkEvenCellColor" color="#b9bbbe"/>
  <color id="selectionDarkTextEditorColor" color="#b9bbbe"/>
  <color id="informationMessageTitleColor" color="#b9bbbe"/>
  <color id="dungeonLadderNoRankColor" color="#b9bbbe"/>
  <color id="lossLaurelLawColor" color="#b9bbbe"/>
  <color id="tooltipBackgroundColor" color="#b9bbbe"/>
  <color id="tooltipBorderColor" color="#b9bbbe"/>
  <color id="playerTeamHPColor" color="#3333cc"/>
  <color id="enemyTeamHPColor" color="#cb00"/>
  <color id="progressBarDefaultColor" color="#b9bbbe"/>
  <color id="loginGradientColor" color="#b9bbbe"/>
  <color id="selectedCellColor" color="#b9bbbe"/>
  <color id="mouseOverCellColor" color="#b9bbbe"/>
  <color id="darkOddCellColor" color="#b9bbbe"/>
  <color id="darkSelectedCellColor" color="#b9bbbe"/>
  <color id="darkMouseOverCellColor" color="#b9bbbe"/>
  <color id="scrollOddCellColor" color="#b9bbbe"/>
  <color id="scrollEvenCellColor" color="#b9bbbe"/>
  <color id="scrollSelectedCellColor" color="#b9bbbe"/>
  <color id="scrollMouseOverCellColor" color="#b9bbbe"/>
  <color id="tableCellBorderColor" color="#b9bbbe"/>
  <color id="textDarkTextEditorColor" color="#b9bbbe"/>
  <color id="spellDeckHighlightColor" color="#b9bbbe"/>
</colors>