<?xml version='1.0' encoding='utf-8'?>
<!-- Name: default -->

<colors>

  <!-- Default -->
  <color id="defaultDarkColor" color="#b9bbbe"/>
  <color id="defaultLightColor" color="#b9bbbe"/>
  <color id="mecanicBlueColor" color="#BFBFBF"/>
  <color id="oddCellColor" color="#32353b"/>
  <color id="evenCellColor" color="#36393f"/>
  <color id="descriptionPopupColor" color="#f9c40"/>
  <color id="whiteColor" color="#b9bbbe"/>
  <color id="blackColor" color="#b9bbbe"/>
  <color id="redColor" color="#e5ff"/>
  <color id="questObjectiveColor" color="#c9f959"/>
  <color id="scrollFleshColor" color="#efdba8"/>
  <color id="errorColor" color="#cc1919"/>
  <color id="mecanicDarkBlueColor" color="#b9bbbe"/>
  <color id="craftActionProgressBarColor" color="#5c68f0"/>
  <color id="defaultBlackColor" color="#b9bbbe"/>
  <color id="craftBackgroundProgressBarColor" color="#b9bbbe"/>
  <color id="windowBackgroundColor" color="#202225"/>
  <color id="greenColor" color="#fe5f"/>
  <color id="fleaEvenCellColor" color="#36393f"/>
  <color id="fleaOddCellColor" color="#32353b"/>
  <color id="defaultDarkGreyColor" color="#36393F"/>
  <color id="HPColor" color="#5c68f0"/>
<color id="greyInvalidColor" color="#929594"/>
  <color id="previewButtonBorderColor" color="#b9bbbe"/>
  <color id="defaultLightGoldColor" color="#f2a33f"/>
  <color id="pressedLightColor" color="#b2b299"/>
  <color id="redInvalidBuildColor" color="#e519f"/>
  <color id="chalkboardBackgroundColor" color="#2F3136"/>
  <color id="listFilterColor" color="#b7c9d3"/>
  <color id="passportTitleColor" color="#ffe5bf"/>
  <color id="scrollTitleBackgroundColor" color="#32353B"/>
  <color id="defaultIntenseGoldColor" color="#ffc626"/>
  <color id="popupInformationColor" color="#a9a9a9"/>
  <color id="greyColor" color="#7f7f7f"/>
  <color id="WPColor" color="#27b68e"/>
  <color id="APLightColor" color="#0aeea"/>
  <color id="MPLightColor" color="#0b40"/>
  <color id="lightRedColor" color="#d83f3f"/>
  <color id="commonItemColor" color="#787b7a"/>
  <color id="mecanicLightBlueColor" color="#aad6d3"/>
  <color id="loadingWheelColor" color="#b9bbbe"/>
  <color id="detailedCellColor" color="#b9bbbe"/>
  <color id="chalkboardBorderColor" color="#b9bbbe"/>
  <color id="dungeonLadderRankingColor" color="#2F3136"/>
  <color id="gainLaurelLawColor" color="#d1f951"/>
  <color id="pressedBlackColor" color="#b2b2b2"/>
  <color id="defaultDisabledColor" color="#999999"/>
  <color id="APColor" color="#03265"/>
  <color id="MPColor" color="#4a5d0"/>
  <color id="WPLightColor" color="#27b68e"/>
  <color id="orangeTransColor" color="#f789a"/>
  <color id="xpColor" color="#5c68f0"/>
  <color id="xpColorCompanion" color="#5c68f0"/>
  <color id="ogrestColor" color="#5c68f0"/>
  <color id="protectorColor" color="#fcb223"/>
  <color id="wakfuColor" color="#47dbd3"/>
  <color id="wakfuBarColor" color="#5c68f0"/>
  <color id="xpUnpenalizedColor" color="#5c68f0"/>
  <color id="xpPremiumColor" color="#5c68f0"/>
  <color id="levelColor" color="#93690"/>
  <color id="unusualItemColor" color="#ffffff"/>
  <color id="rareItemColor" color="#09b0"/>
  <color id="mythicItemColor" color="#ff990"/>
  <color id="legendaryItemColor" color="#ffff0"/>
  <color id="adminItemColor" color="#ff00"/>
  <color id="yellowScoreColor" color="#efe83d"/>
  <color id="scrollYellowColor" color="#eacc6b"/>
  <color id="darkEvenCellColor" color="#575757"/>
  <color id="selectionDarkTextEditorColor" color="#e5e5e5"/>
  <color id="informationMessageTitleColor" color="#efcca"/>
  <color id="dungeonLadderNoRankColor" color="#b9bbbe"/>
  <color id="lossLaurelLawColor" color="#fc491c"/>
  <color id="tooltipBackgroundColor" color="#443a19"/>
  <color id="tooltipBorderColor" color="#776d4c"/>
  <color id="playerTeamHPColor" color="#3333cc"/>
  <color id="enemyTeamHPColor" color="#cb00"/>
  <color id="progressBarDefaultColor" color="#5c68f0"/>
  <color id="loginGradientColor" color="#e5dace"/>
  <color id="selectedCellColor" color="#202225"/>
  <color id="mouseOverCellColor" color="#202225"/>
  <color id="darkOddCellColor" color="#32353B"/>
  <color id="darkSelectedCellColor" color="#202225"/>
  <color id="darkMouseOverCellColor" color="#202225"/>
  <color id="scrollOddCellColor" color="#000"/>
  <color id="scrollEvenCellColor" color="#000"/>
  <color id="scrollSelectedCellColor" color="#000"/>
  <color id="scrollMouseOverCellColor" color="#000"/>
  <color id="tableCellBorderColor" color="#b9bbbe"/>
  <color id="textDarkTextEditorColor" color="#e5ddcc"/>
  <color id="spellDeckHighlightColor" color="#ffdd0"/>
</colors>